,station,station_name,station_lat,station_lng,arrival_pred,demand_pred,difference
0,646,State St & 54th St,41.796642,-87.625923,0.0,0.0,0.0
1,KA1504000096,Sawyer Ave & Irving Park Rd,41.95358617895,-87.7093107999,0.0,0.0,0.0
2,KA1503000030,Jeffery Blvd & 67th St,41.773518,-87.577143,6.0,5.0,1.0
3,13096,California Ave & 21st St,41.8538040657915,-87.69574239850043,2.0,0.0,2.0
4,444,N Shore Channel Trail & Argyle St,41.97,-87.7,0.0,0.0,0.0
5,527,Western Ave & Howard St,42.0189045,-87.6900675,5.0,0.0,5.0
6,KA1503000018,Jeffery Blvd & 71st St,41.76663823695,-87.5764501141,20.0,1.0,19.0
7,KA1503000054,Cottage Grove Ave & 63rd St,41.78053094070882,-87.6059702038765,13.0,4.0,9.0
8,TA1307000160,Prairie Ave & Garfield Blvd,41.794839978,-87.618806958,21.0,0.0,21.0
9,TA1308000038,Cottage Grove Ave & Oakwood Blvd,41.823029757,-87.607121348,0.0,0.0,0.0
10,15624,Avondale Ave & Irving Park Rd,41.953393,-87.732002,3.0,5.0,-2.0
11,314,Narragansett & Wrightwood,41.93,-87.79,0.0,3.0,-3.0
12,600,Dodge Ave & Church St,42.048308,-87.698224,17.0,4.0,13.0
13,KA1503000046,Dorchester Ave & 63rd St,41.7804056457,-87.5914159893,0.0,0.0,0.0
14,KA1503000065,Woodlawn Ave & Lake Park Ave,41.81409271048,-87.5970051479,0.0,2.0,-2.0
15,KA1504000097,Drake Ave & Montrose Ave,41.96115407569,-87.7165690733,0.0,1.0,-1.0
16,KA1504000102,Fairfield Ave & Roosevelt Rd,41.866623163,-87.694511056,0.0,0.0,0.0
17,18016,Bernard St & Elston Ave,41.94994583333333,-87.71391533333333,0.0,0.0,0.0
18,426,California & 16th St,41.86,-87.7,0.0,150.0,-150.0
19,RP-005,Western Ave & Lunt Ave,42.0085943972,-87.6904922389,10.0,-0.0,10.0
20,13091,Western Ave & 21st St,41.854109,-87.685838,0.0,0.0,0.0
21,13162,Halsted St & 21st St,41.85377981072743,-87.6466029882431,3.0,0.0,3.0
22,13165,Racine Ave & 13th St,41.86506533333333,-87.65704016666666,0.0,0.0,0.0
23,15542,Clinton St & Polk St,41.87146651779,-87.6409491327,0.0,-0.0,0.0
24,15585,Budlong Woods Library,41.98366470886,-87.6964225611,0.0,0.0,0.0
25,15615,Christiana Ave & Lawrence Ave,41.9683755,-87.71184366666667,9.0,8.0,1.0
26,15628,California Ave & Byron St,41.95221933333333,-87.6980885,8.0,3.0,5.0
27,15631,Troy St & Elston Ave,41.94524356848,-87.7066499009,0.0,5.0,-5.0
28,15640,Avers Ave & Belmont Ave,41.939408,-87.723574,4.0,4.0,0.0
29,15654,Spaulding Ave & Division St,41.90271,-87.70925366666667,13.0,2.0,11.0
30,16806,Bosworth Ave & Howard St,42.01952666666666,-87.66952416666666,4.0,2.0,2.0
31,20219,Burnham Greenway & 112th St,41.69177385116831,-87.53043115139008,0.0,0.0,0.0
32,425,Rockwell St & Cermak Rd,41.85,-87.69,0.0,0.0,0.0
33,435,Rockwell St & Fletcher St,41.94,-87.69,0.0,0.0,0.0
34,446,Francisco Ave & Montrose Ave,41.96,-87.7,7.0,14.0,-7.0
35,472,Elston Ave & George St,41.93,-87.69,8.0,0.0,8.0
36,499,Public Rack - Christiana Ave & Belmont Ave,41.94,-87.71,4.0,0.0,4.0
37,518,Conservatory Dr & Lake St,41.88552283333333,-87.71686316666667,1.0,0.0,1.0
38,643,Smith Park,41.892048,-87.689397,0.0,0.0,0.0
39,E007,Central St & Girard Ave,42.064313,-87.686152,4.0,2.0,2.0
40,KA1503000069,Dorchester Ave & 49th St,41.80582233333333,-87.59248983333333,0.0,0.0,0.0
41,KA1503000075,DuSable Museum,41.79156801058,-87.6078521774,2.0,0.0,2.0
42,KA1504000117,Halsted St & North Branch St,41.89939028549696,-87.64854490756989,0.0,0.0,0.0
43,KA1504000126,Kedzie Ave & Leland Ave,41.966637135,-87.708161712,0.0,0.0,0.0
44,KA1504000129,Western Ave & Granville Ave,41.99416136902,-87.689438282,0.0,0.0,0.0
45,KA1504000139,Monticello Ave & Irving Park Rd,41.954129815,-87.718992949,5.0,0.0,5.0
46,KA1504000147,Winchester (Ravenswood) Ave & Balmoral Ave,41.979752833333336,-87.677629,1.0,-0.0,1.0
47,RP-001,Warren Park West,42.001785,-87.688829,0.0,0.0,0.0
48,RP-002,Warren Park East,42.00454962194,-87.6806661451,0.0,0.0,0.0
49,RP-008,Clark St & Columbia Ave,42.00445116666667,-87.67236416666667,3.0,-0.0,3.0
50,TA1308000014,Normal Ave & Archer Ave,41.849527,-87.640591,3.0,0.0,3.0
51,TA1308000023,Cottage Grove Ave & 43rd St,41.816541672,-87.606623411,4.0,0.0,4.0
52,20254.0,W Armitage Ave & N Sheffield Ave,41.92,-87.65,0.0,3.0,-3.0
53,573,State St & 79th St,41.750794,-87.624424,1.0,11.0,-10.0
54,13089,Damen Ave & Cullerton St,41.854966518753926,-87.67569959163664,2.0,6.0,-4.0
55,13099,Halsted St & 18th St,41.857506,-87.645991,15.0,5.0,10.0
56,13245,Claremont Ave & Hirsch St,41.907781,-87.685854,22.0,0.0,22.0
57,13304,Racine Ave & 15th St,41.861246,-87.65656683333333,7.0,2.0,5.0
58,15643,Kosciuszko Park,41.930529594,-87.723835111,0.0,5.0,-5.0
59,15667,Western Ave & Monroe St,41.8797877089,-87.686112808,3.0,2.0,1.0
60,515,Paulina St & Howard St,42.01911733333333,-87.67355483333333,0.0,0.0,0.0
61,525,Glenwood Ave & Touhy Ave,42.012701,-87.666058,1.0,3.0,-2.0
62,655,Hoyne Ave & Balmoral Ave,41.979926,-87.68196633333334,2.0,0.0,2.0
63,KA1503000005,Wentworth Ave & 35th St,41.830777,-87.632504,0.0,0.0,0.0
64,KA1504000078,Lincoln Ave & Winona St,41.9748965,-87.692734,33.0,3.0,30.0
65,KA1504000109,Washtenaw Ave & Ogden Ave,41.861914166666665,-87.69354266666667,0.0,0.0,0.0
66,KA1504000158,Oakley Ave & Irving Park Rd,41.95434085219,-87.6860796243,4.0,3.0,1.0
67,KA1504000159,Sheridan Rd & Greenleaf Ave,42.010586262,-87.662348747,3.0,4.0,-1.0
68,SL-006,Wells St & 19th St,41.85681016666667,-87.633809,0.0,0.0,0.0
69,TA1307000153,Emerald Ave & 28th St,41.84358,-87.645368,2.0,8.0,-6.0
70,TA1308000002,Greenwood Ave & 47th St,41.809835,-87.599383,12.0,6.0,6.0
71,TA1308000026,Wentworth Ave & 24th St (Temp),41.850084,-87.632141,11.0,12.0,-1.0
72,TA1308000043,Halsted St & 35th St,41.830661,-87.647172,3.0,6.0,-3.0
73,523,Eastlake Ter & Rogers Ave,42.0208872805206,-87.66505792737007,15.0,5.0,10.0
74,TA1309000067,Cottage Grove Ave & 51st St,41.80294083333333,-87.6066475,2.0,1.0,1.0
75,KA1504000127,Manor Ave & Leland Ave,41.9659045,-87.700852,0.0,2.0,-2.0
76,TA1309000053,Cottage Grove Ave & 47th St,41.809855,-87.606755,3.0,4.0,-1.0
77,13134,Damen Ave & Madison St,41.88137,-87.67493,0.0,11.0,-11.0
78,13292,Kedzie Ave & Palmer Ct,41.921525,-87.707322,4.0,12.0,-8.0
79,13432,Wood St & Hubbard St,41.889883161,-87.671482682,1.0,16.0,-15.0
80,15621,Albany Ave & Montrose Ave,41.96102183333333,-87.705892,15.0,13.0,2.0
81,15632,Talman Ave & Addison St,41.94664333333333,-87.69463233333333,7.0,3.0,4.0
82,15634,Western Ave & Roscoe St,41.943234,-87.68733066666667,3.0,5.0,-2.0
83,15646,California Ave & Altgeld St,41.92669,-87.697668,14.0,0.0,14.0
84,15648,Campbell Ave & Fullerton Ave,41.92463247165,-87.6893070063,2.0,3.0,-1.0
85,15652,Central Park Ave & North Ave,41.90965687563,-87.7166319516,0.0,0.0,0.0
86,15682,Kedzie Ave & Roosevelt Rd,41.8665215,-87.7065285,0.0,0.0,0.0
87,18017,Central Park Ave & Bloomingdale Ave,41.914166,-87.716755,3.0,10.0,-7.0
88,20.0,Damen Ave & Wabansia Ave,41.91,-87.68,0.0,0.0,0.0
89,20251.0,N Carpenter St & W Lake St,41.89,-87.65,0.0,4.0,-4.0
90,20256.0,N Sheffield Ave & W Wellington Ave,41.94,-87.65,12.0,4.0,8.0
91,20257.0,N Southport Ave & W Newport Ave,41.94,-87.66,0.0,0.0,0.0
92,605,University Library (NU),42.052939,-87.673447,0.0,4.0,-4.0
93,KA1504000080,Washtenaw Ave & Lawrence Ave,41.9688515,-87.69620566666667,0.0,1.0,-1.0
94,KA1504000090,St. Louis Ave & Fullerton Ave,41.92481559681187,-87.71449506282805,0.0,5.0,-5.0
95,KA150400009X,Kimball Ave & Belmont Ave,41.939443231,-87.711554408,1.0,4.0,-3.0
96,KA1504000143,Leavitt St & Addison St,41.946655,-87.683359,20.0,16.0,4.0
97,KA1504000160,Francisco Ave & Foster Ave,41.97568966666667,-87.70144283333333,0.0,0.0,0.0
98,KA1504000162,Clark St & Lunt Ave,42.00901118058077,-87.67411172389984,1.0,32.0,-31.0
99,SL-013,State St & 19th St,41.856594,-87.627542,18.0,7.0,11.0
100,TA1307000138,Wood St & Webster Ave,41.92105672992757,-87.67279744148254,0.0,0.0,0.0
101,TA1308000045,Wallace St & 35th St,41.83060366666667,-87.64129316666667,0.0,-0.0,0.0
102,TA1308000047,Southport Ave & Clark St,41.95714266666667,-87.6641905,14.0,7.0,7.0
103,TA1309000050,Lincoln Ave & Addison St,41.946214833333336,-87.67335733333333,0.0,2.0,-2.0
104,13081,Ogden Ave & Congress Pkwy,41.875009,-87.673263,11.0,10.0,1.0
105,13253,Lincoln Ave & Waveland Ave,41.948794603,-87.675231338,9.0,9.0,0.0
106,13326,Canal St & Harrison St,41.874255,-87.639573,43.0,0.0,43.0
107,15445,Wentworth Ave & 33rd St,41.83453,-87.631823,5.0,22.0,-17.0
108,15491,63rd St Beach,41.78091096424803,-87.57632374763489,7.0,0.0,7.0
109,15622,California Ave & Montrose Ave,41.961068,-87.695439,2.0,2.0,0.0
110,15623,Campbell Ave & Montrose Ave,41.961526,-87.691165,0.0,15.0,-15.0
111,15645,Richmond St & Diversey Ave,41.93190196886,-87.7011951301,42.0,6.0,36.0
112,18069,Cherry Ave & Blackhawk St,41.907221,-87.655618,2.0,0.0,2.0
113,520,Greenview Ave & Jarvis Ave,42.015962,-87.66857,9.0,11.0,-2.0
114,631,Malcolm X College Vaccination Site,41.877618,-87.673895,0.0,0.0,0.0
115,E002,Chicago Ave & Washington St,42.032592416,-87.679253817,3.0,9.0,-6.0
116,Hubbard Bike-checking (LBS-WH-TEST),Base - 2132 W Hubbard,41.93625,-87.653801,0.0,0.0,0.0
117,KA1503000004,Lake Park Ave & 35th St,41.83127423549,-87.6087991946,12.0,16.0,-4.0
118,KA1504000093,Rockwell St & Eastwood Ave,41.9659,-87.693638,0.0,0.0,0.0
119,KA1504000140,Winchester Ave & Elston Ave,41.92409085038,-87.6764600747,7.0,0.0,7.0
120,KA1504000148,Clark St & Elmdale Ave,41.99086044812557,-87.66972362995148,0.0,0.0,0.0
121,TA1307000044,Clinton St & 18th St,41.857913613,-87.640862584,0.0,38.0,-38.0
122,TA1308000046,Morgan St & 31st St,41.8378,-87.65114,8.0,5.0,3.0
123,TA1309000032,Elston Ave & Wabansia Ave,41.91297266666667,-87.6641735,5.0,3.0,2.0
124,15653,Troy St & North Ave,41.90976930169,-87.7052804871,5.0,0.0,5.0
125,KA1504000142,Drake Ave & Addison St,41.94746516666667,-87.71763183333333,0.0,0.0,0.0
126,KA17018054,Damen Ave & Walnut (Lake) St,41.88592233333333,-87.6770965,12.0,4.0,8.0
127,TA1309000021,Paulina St & Montrose Ave,41.961507,-87.671387,36.0,-0.0,36.0
128,13249,Ashland Ave & Belle Plaine Ave,41.956057,-87.668835,2.0,0.0,2.0
129,13268,Damen Ave & Wellington Ave,41.935916,-87.67836216666667,0.0,4.0,-4.0
130,13345,Calumet Ave & 35th St,41.831379,-87.618034,13.0,24.0,-11.0
131,13354,Ashland Ave & 13th St,41.865238,-87.6664915,11.0,5.0,6.0
132,13398,Blackstone Ave & Hyde Park Blvd,41.802562,-87.590368,4.0,5.0,-1.0
133,15651,Humboldt Blvd & Armitage Ave,41.91751339399,-87.7018089555,23.0,-0.0,23.0
134,15668,Western Ave & Congress Pkwy,41.87458566666667,-87.68618483333333,0.0,5.0,-5.0
135,202480.0,Hampden Ct & Diversey Ave,41.93,-87.64,0.0,5.0,-5.0
136,20252.0,W Oakdale Ave & N Broadway,41.94,-87.64,0.0,-0.0,0.0
137,428,Milwaukee Ave & Fullerton Ave,41.92,-87.7,22.0,4.0,18.0
138,660,Sheridan Rd & Columbia Ave,42.00450216666667,-87.6614825,10.0,0.0,10.0
139,KA1503000034,LaSalle St & Adams St,41.87934437346,-87.6319852213,0.0,0.0,0.0
140,KA1503000052,Ellis Ave & 53rd St,41.79940486,-87.600990891,7.0,6.0,1.0
141,KA1504000101,Ogden Ave & Roosevelt Rd,41.86652683333333,-87.68442916666666,10.0,4.0,6.0
142,KA1504000149,Damen Ave & Foster Ave,41.975661333333335,-87.67940816666666,0.0,3.0,-3.0
143,TA1307000005,Indiana Ave & 26th St,41.84568933333333,-87.62248983333333,5.0,18.0,-13.0
144,KA1504000156,Clark St & Schreiber Ave,41.99924983333333,-87.67137216666667,5.0,9.0,-4.0
145,TA1308000035,Lake Park Ave & 47th St,41.809443,-87.591875,0.0,0.0,0.0
146,13037,Clinton St & Tilden St,41.8758875,-87.64053833333334,0.0,0.0,0.0
147,13143,Damen Ave & Melrose Ave,41.9406,-87.6785,0.0,7.0,-7.0
148,13241,Western Ave & Division St,41.90294466666667,-87.6872745,26.0,19.0,7.0
149,13256,California Ave & Division St,41.903029,-87.697474,6.0,6.0,0.0
150,15642,California Ave & Fletcher St,41.938457666666665,-87.69810616666666,5.0,7.0,-2.0
151,15655,Albany Ave & Bloomingdale Ave,41.91401316666666,-87.705163,0.0,5.0,-5.0
152,15664,Artesian Ave & Hubbard St,41.88954,-87.68806516666666,0.0,0.0,0.0
153,KA1503000021,Stony Island Ave & 64th St,41.778881,-87.586647,28.0,2.0,26.0
154,KA17018068,Leavitt St & Belmont Ave,41.939354,-87.683282,14.0,10.0,4.0
155,TA1307000156,Lincoln Ave & Sunnyside Ave,41.963004,-87.684781,0.0,33.0,-33.0
156,TA1308000006,Damen Ave & Grand Ave,41.89239445296271,-87.67688512802124,15.0,2.0,13.0
157,TA1309000015,Leavitt St & Lawrence Ave,41.968885,-87.684001,0.0,35.0,-35.0
158,TA1309000018,Ravenswood Ave & Berteau Ave,41.957898,-87.67361216666667,5.0,21.0,-16.0
159,TA1308000013,Halsted St & Archer Ave,41.847190619,-87.646875143,25.0,11.0,14.0
160,TA1309000012,Damen Ave & Sunnyside Ave,41.96325,-87.679258,10.0,8.0,2.0
161,654,Racine Ave & Washington Blvd,41.88307733333333,-87.65709116666666,7.0,31.0,-24.0
162,RP-009,Sheridan Rd & Loyola Ave,42.00104377979,-87.6611982433,30.0,10.0,20.0
163,13073,Ashland Ave & Lake St,41.88592,-87.66717,29.0,32.0,-3.0
164,13144,Seeley Ave & Roscoe St,41.943403,-87.679618,20.0,0.0,20.0
165,13155,Racine Ave & Randolph St,41.884069,-87.656853,15.0,13.0,2.0
166,13197,Elizabeth (May) St & Fulton St,41.886616486027656,-87.6580399274826,0.0,24.0,-24.0
167,13206,Loomis St & Jackson Blvd,41.877945,-87.662007,19.0,2.0,17.0
168,13242,Milwaukee Ave & Rockwell St,41.92019556200566,-87.69265919923781,1.0,0.0,1.0
169,13248,Ashland Ave & Augusta Blvd,41.8995855,-87.66839483333334,6.0,9.0,-3.0
170,13259,California Ave & Francis Pl (Temp),41.918637833333335,-87.69737266666667,0.0,5.0,-5.0
171,13288,Damen Ave & Charleston St,41.920082,-87.677855,20.0,5.0,15.0
172,13307,Laflin St & Cullerton St,41.854906166666666,-87.6636865,14.0,30.0,-16.0
173,13331,May St & Cullerton St,41.8551085,-87.6541535,0.0,0.0,0.0
174,15443,Shields Ave & 28th Pl,41.84283233333333,-87.63547183333333,14.0,14.0,0.0
175,15546,Calumet Ave & 21st St,41.85418424947,-87.6191537415,-0.0,9.0,-9.0
176,15644,Central Park Ave & Elbridge Ave,41.935322166666666,-87.71689233333333,6.0,6.0,0.0
177,18058,Leavitt St & Chicago Ave,41.89540733333333,-87.68192733333333,19.0,0.0,19.0
178,637,Wood St & Chicago Ave,41.895589232,-87.672103643,17.0,0.0,17.0
179,658,Leavitt St & Division St,41.902967333333336,-87.68369766666666,24.0,16.0,8.0
180,KA1504000175,Glenwood Ave & Morse Ave,42.00793633333333,-87.66540783333333,26.0,16.0,10.0
181,TA1306000002,Morgan Ave & 14th Pl,41.862412166666665,-87.65112233333333,5.0,8.0,-3.0
182,TA1306000008,Larrabee St & North Ave,41.910091758,-87.643504381,3.0,0.0,3.0
183,TA1307000143,Sedgwick St & Schiller St,41.907626,-87.638566,33.0,32.0,1.0
184,TA1307000144,Wolcott (Ravenswood) Ave & Montrose Ave,41.96142483333333,-87.67620483333333,7.0,11.0,-4.0
185,TA1307000158,Damen Ave & Leland Ave,41.967028618,-87.679038286,3.0,13.0,-10.0
186,TA1308000036,Indiana Ave & 31st St,41.838842,-87.621857,33.0,18.0,15.0
187,13258,California Ave & North Ave,41.9104754,-87.6968944,23.0,0.0,23.0
188,13271,Damen Ave & Clybourn Ave,41.931931,-87.677856,7.0,16.0,-9.0
189,TA1308000031,Logan Blvd & Elston Ave,41.92947266666667,-87.6841125,-0.0,2.0,-2.0
190,13124,Cannon Dr & Fullerton Ave,41.92671633333333,-87.63448216666667,0.0,0.0,0.0
191,13135,Blue Island Ave & 18th St,41.8574505,-87.66168233333333,7.0,0.0,7.0
192,13164,Racine Ave & 18th St,41.858166,-87.656495,22.0,7.0,15.0
193,13247,Ashland Ave & Chicago Ave,41.8951727127816,-87.66754701733589,3.0,6.0,-3.0
194,13257,Campbell Ave & North Ave,41.910535,-87.689556,11.0,4.0,7.0
195,13266,Stave St & Armitage Ave,41.917741,-87.691392,1.0,0.0,1.0
196,13296,Ashland Ave & Wrightwood Ave,41.92883,-87.668507,1.0,0.0,1.0
197,13434,Ashland Ave & Grand Ave,41.891072,-87.666611,29.0,1.0,28.0
198,17660,California Ave & Cortez St,41.900363,-87.696704,4.0,14.0,-10.0
199,18003,Fairbanks St & Superior St,41.895824,-87.62021433333334,9.0,5.0,4.0
200,644,Western Ave & Fillmore St,41.868672,-87.686327,7.0,13.0,-6.0
201,E008,Chicago Ave & Sheridan Rd,42.0504205,-87.67770983333334,3.0,5.0,-2.0
202,KA1503000059,Lake Park Ave & 53rd St,41.79949429373,-87.5864498959,9.0,14.0,-5.0
203,SL-009,Clark St & 9th St (AMLI),41.870816,-87.631246,5.0,9.0,-4.0
204,TA1306000007,Larrabee St & Menomonee St,41.91467466666667,-87.64333216666667,0.0,16.0,-16.0
205,TA1307000061,State St & Pearson St,41.897448,-87.628722,15.0,12.0,3.0
206,TA1307000129,State St & 35th St,41.8310363140161,-87.62679755687714,3.0,0.0,3.0
207,TA1309000029,Leavitt St & Armitage Ave,41.9178695,-87.6826315,5.0,0.0,5.0
208,15650,Spaulding Ave & Armitage Ave,41.91705283333334,-87.71018016666666,1.0,0.0,1.0
209,TA1305000001,Wabash Ave & Cermak Rd,41.8525705,-87.62659783333334,30.0,3.0,27.0
210,15571,Broadway & Granville Ave,41.994882107,-87.660295367,2.0,7.0,-5.0
211,13059,Sheridan Rd & Argyle St,41.9732865,-87.65480783333334,41.0,13.0,28.0
212,13080,Hermitage Ave & Polk St,41.871514,-87.669886,33.0,1.0,32.0
213,13215,Rhodes Ave & 32nd St,41.836713195,-87.613425255,36.0,11.0,25.0
214,13290,Noble St & Milwaukee Ave,41.90068,-87.6626,7.0,6.0,1.0
215,13319,Ashland Ave & Grace St,41.950687,-87.6687,1.0,0.0,1.0
216,18067,Walsh Park,41.91461,-87.667968,5.0,19.0,-14.0
217,604,Sheridan Rd & Noyes St (NU),42.058239,-87.677432,0.0,6.0,-6.0
218,636,Orleans St & Hubbard St,41.890028,-87.636618,11.0,18.0,-7.0
219,657,Wood St & Augusta Blvd,41.899180889,-87.672245383,52.0,10.0,42.0
220,KA1503000038,Shields Ave & 31st St,41.83828166666667,-87.6353285,26.0,17.0,9.0
221,KA1503000074,Museum of Science and Industry,41.79172820953,-87.583945009,0.0,0.0,0.0
222,KA1504000103,Western Ave & Walton St,41.89841768945,-87.6865960164,3.0,0.0,3.0
223,TA1307000115,Clybourn Ave & Division St,41.904613,-87.640552,9.0,10.0,-1.0
224,TA1307000159,Paulina St & 18th St,41.857901,-87.668745,7.0,7.0,0.0
225,TA1306000006,Orleans St & Elm St,41.902924,-87.637715,3.0,0.0,3.0
226,TA1309000026,Lincoln Ave & Belle Plaine Ave,41.95600355078549,-87.68016144633293,4.0,12.0,-8.0
227,TA1309000041,Sheridan Rd & Lawrence Ave,41.969517,-87.654691,9.0,18.0,-9.0
228,KA1503000007,Cornell Ave & Hyde Park Blvd,41.80277066666667,-87.58632166666666,6.0,19.0,-13.0
229,KA1503000070,Harper Ave & 59th St,41.78794281287,-87.5883151702,21.0,5.0,16.0
230,15575,Broadway & Thorndale Ave,41.98974251144,-87.6601406209,0.0,0.0,0.0
231,15578,Broadway & Ridge Ave,41.984071666666665,-87.66025133333333,-0.0,12.0,-12.0
232,596,Benson Ave & Church St,42.048214,-87.683485,0.0,0.0,0.0
233,624,Dearborn St & Van Buren St,41.876268,-87.629155,10.0,14.0,-4.0
234,KA1503000022,Clark St & Montrose Ave,41.961588,-87.666036,40.0,40.0,0.0
235,TA1305000010,Michigan Ave & Ida B Wells Dr,41.876243,-87.624426,10.0,8.0,2.0
236,TA1307000119,Clarendon Ave & Leland Ave,41.967968,-87.650001,5.0,10.0,-5.0
237,TA1307000149,Ravenswood Ave & Irving Park Rd,41.95469,-87.67393,7.0,15.0,-8.0
238,TA1308000005,Leavitt St & North Ave,41.91008516666667,-87.68239716666666,29.0,14.0,15.0
239,SL-007,State St & Harrison St,41.874053,-87.627716,0.0,0.0,0.0
240,13053,Green St & Washington Blvd,41.88318130597391,-87.64872461557388,0.0,21.0,-21.0
241,13102,Calumet Ave & 18th St,41.857611,-87.619407,0.0,6.0,-6.0
242,13269,Ashland Ave & Wellington Ave,41.9361065,-87.66988516666666,12.0,9.0,3.0
243,13289,Eckhart Park,41.89637337,-87.66098386,23.0,40.0,-17.0
244,KA1504000116,Larrabee St & Oak St,41.90021949323,-87.6429854676,2.0,4.0,-2.0
245,TA1305000039,Elston Ave & Cortland St,41.9165165,-87.6666725,0.0,11.0,-11.0
246,TA1307000048,Fort Dearborn Dr & 31st St,41.838556,-87.608218,0.0,0.0,0.0
247,TA1307000070,Damen Ave & Thomas St (Augusta Blvd),41.901315,-87.677409,11.0,8.0,3.0
248,TA1307000124,Michigan Ave & 14th St,41.864059,-87.623727,7.0,7.0,0.0
249,TA1309000006,Larrabee St & Armitage Ave,41.918084,-87.643749,7.0,8.0,-1.0
250,TA1309000055,Emerald Ave & 31st St,41.83820951,-87.64523077,29.0,19.0,10.0
251,13285,Wood St & Taylor St (Temp),41.869327,-87.67350266666666,7.0,2.0,5.0
252,13409,Sangamon St & Washington Blvd,41.883165,-87.6511,6.0,53.0,-47.0
253,KA1504000171,Marine Dr & Ainslie St,41.9716,-87.650154,11.0,10.0,1.0
254,KA1706005007,Delano Ct & Roosevelt Rd,41.867491,-87.63219,31.0,35.0,-4.0
255,SL-012,Wabash Ave & 16th St,41.860384,-87.625813,31.0,10.0,21.0
256,TA1309000014,Clark St & Leland Ave,41.96705642894563,-87.6669904589653,24.0,14.0,10.0
257,TA1309000043,Southport Ave & Irving Park Rd,41.954177,-87.664358,14.0,11.0,3.0
258,TA1309000059,Racine Ave & Wrightwood Ave,41.928887,-87.658971,0.0,11.0,-11.0
259,WL-008,Clinton St & Roosevelt Rd,41.86703266666667,-87.64108116666667,26.0,8.0,18.0
260,TA1309000030,Southport Ave & Clybourn Ave,41.920822501,-87.66378808,8.0,7.0,1.0
261,TA1309000063,Lake Park Ave & 56th St,41.79331216666667,-87.5877055,8.0,4.0,4.0
262,13006,LaSalle St & Washington St,41.882664,-87.63253,22.0,8.0,14.0
263,13068,Western Ave & Winnebago Ave,41.91552,-87.687022,9.0,13.0,-4.0
264,13150,Michigan Ave & 18th St,41.857813,-87.62455,36.0,16.0,20.0
265,13196,Carpenter St & Huron St,41.894555807,-87.653463006,17.0,31.0,-14.0
266,13224,Ashland Ave & Blackhawk St,41.90707066666667,-87.667245,0.0,0.0,0.0
267,15550,Canal St & Taylor St,41.870257,-87.639474,27.0,25.0,2.0
268,20246.0,N Green St & W Lake St,41.89,-87.65,0.0,17.0,-17.0
269,620,Orleans St & Chestnut St (NEXT Apts),41.898083166666666,-87.63759066666667,15.0,35.0,-20.0
270,KA1504000079,Larrabee St & Division St,41.90348607004,-87.6433534936,11.0,8.0,3.0
271,KA1504000104,Paulina St & Flournoy St,41.87295,-87.66913,2.0,5.0,-3.0
272,TA1305000004,McCormick Place,41.851563811,-87.618878841,56.0,30.0,26.0
273,TA1305000005,Dearborn St & Adams St,41.8793563587,-87.6297910363,7.0,4.0,3.0
274,13075,Wentworth Ave & Cermak Rd,41.85308455741279,-87.63193130493164,7.0,14.0,-7.0
275,13108,Broadway & Argyle St,41.973815,-87.65966,36.0,23.0,13.0
276,13109,Broadway & Berwyn Ave,41.9784105,-87.65977916666667,20.0,18.0,2.0
277,13128,Clark St & North Ave,41.911974,-87.631942,0.0,0.0,0.0
278,13139,Throop St & Taylor St,41.868968,-87.659141,32.0,29.0,3.0
279,18062,Aberdeen St & Randolph St,41.884156,-87.6543355,4.0,8.0,-4.0
280,KA1503000044,Rush St & Hubbard St,41.890173,-87.626185,13.0,2.0,11.0
281,TA1305000009,Clark St & Ida B Wells Dr,41.8759326655,-87.6305845355,0.0,7.0,-7.0
282,TA1305000037,Paulina Ave & North Ave,41.91039966666666,-87.67012733333334,12.0,5.0,7.0
283,TA1306000011,Wells St & Walton St,41.89993001,-87.63443007,37.0,57.0,-20.0
284,TA1307000163,Clifton Ave & Armitage Ave,41.918216,-87.656936,0.0,0.0,0.0
285,chargingstx4,Morgan St & Lake St*,41.8855025,-87.6523025,6.0,0.0,6.0
286,TA1306000025,Racine Ave & Congress Pkwy,41.87464,-87.65703,22.0,18.0,4.0
287,chargingstx0,Wilton Ave & Diversey Pkwy*,41.932476666666666,-87.65277016666667,0.0,0.0,0.0
288,13036,Michigan Ave & Madison St,41.882134,-87.625125,6.0,55.0,-49.0
289,13194,Ogden Ave & Race Ave,41.891770959,-87.658835649,9.0,2.0,7.0
290,13243,Milwaukee Ave & Wabansia Ave,41.912616,-87.681391,6.0,11.0,-5.0
291,13303,Clark St & Chicago Ave,41.89675,-87.63089,33.0,22.0,11.0
292,13353,Ada St & Washington Blvd,41.882778287,-87.661093831,7.0,7.0,0.0
293,KA1503000072,Wacker Dr & Washington St,41.883193612,-87.637385368,1.0,0.0,1.0
294,TA1307000164,Woodlawn Ave & 55th St,41.795264,-87.596471,17.0,3.0,14.0
295,TA1308000021,Winthrop Ave & Lawrence Ave,41.968828333333335,-87.657595,15.0,29.0,-14.0
296,TA1309000002,Michigan Ave & Jackson Blvd,41.87785,-87.62408,3.0,3.0,0.0
297,TA1309000008,Franklin St & Adams St (Temp),41.879132867,-87.635262251,0.0,9.0,-9.0
298,13074,Broadway & Wilson - Truman College Vaccination Site,41.965221,-87.658139,17.0,32.0,-15.0
299,13138,Canal St & Jackson Blvd,41.87746416666667,-87.63892416666667,11.0,15.0,-4.0
300,13163,Morgan St & 18th St,41.858086,-87.651073,64.0,19.0,45.0
301,13221,Wood St & Milwaukee Ave,41.907591333333336,-87.67250166666666,36.0,21.0,15.0
302,639,Lakefront Trail & Wilson Ave,41.96585366666667,-87.64547033333334,0.0,16.0,-16.0
303,KA1503000015,Wabash Ave & Adams St,41.87937333333333,-87.625492,7.0,2.0,5.0
304,KA1504000134,Ritchie Ct & Banks St,41.906866,-87.626217,15.0,21.0,-6.0
305,TA1309000042,Lincoln Ave & Belmont Ave (Temp),41.93953161982257,-87.6711143553257,12.0,1.0,11.0
306,KA1504000151,Clark St & Bryn Mawr Ave,41.98356733333333,-87.66924333333333,29.0,21.0,8.0
307,chargingstx5,Lincoln Ave & Roscoe St*,41.94323233333333,-87.67080216666666,7.0,2.0,5.0
308,13084,California Ave & Milwaukee Ave,41.922695,-87.697153,8.0,9.0,-1.0
309,13132,Damen Ave & Chicago Ave,41.895769,-87.67722,23.0,7.0,16.0
310,13389,Clarendon Ave & Junior Ter,41.961004,-87.649603,92.0,28.0,64.0
311,15534,Field Blvd & South Water St,41.8862735,-87.61743283333334,11.0,0.0,11.0
312,TA1306000010,Daley Center Plaza,41.88404966666667,-87.62962566666667,27.0,14.0,13.0
313,TA1307000127,Clark St & Grace St,41.95078,-87.659172,13.0,12.0,1.0
314,TA1309000027,Sheridan Rd & Buena Ave,41.95851483333333,-87.6550905,50.0,72.0,-22.0
315,WL-011,Jefferson St & Monroe St,41.880329633634624,-87.64274597167967,14.0,31.0,-17.0
316,13191,Sedgwick St & Webster Ave,41.922249556,-87.638997793,50.0,32.0,18.0
317,13217,Calumet Ave & 33rd St,41.8349,-87.61793,33.0,48.0,-15.0
318,13294,Greenview Ave & Diversey Pkwy,41.9327085,-87.66596633333333,4.0,6.0,-2.0
319,13427,Cityfront Plaza Dr & Pioneer Ct,41.890573,-87.622072,5.0,14.0,-9.0
320,SL-010,Financial Pl & Ida B Wells Dr,41.875021,-87.63312333333333,13.0,54.0,-41.0
321,TA1305000035,State St & Van Buren St,41.877181,-87.627844,14.0,9.0,5.0
322,TA1307000111,Franklin St & Lake St,41.885837,-87.6355,6.0,9.0,-3.0
323,TA1307000140,Western Ave & Leland Ave,41.966399801840986,-87.68870428204536,0.0,0.0,0.0
324,13085,Kedzie Ave & Milwaukee Ave,41.929623166666666,-87.7080785,7.0,10.0,-3.0
325,15529,Mies van der Rohe Way & Chestnut St,41.8985866514,-87.6219152258,9.0,14.0,-5.0
326,15535,Desplaines St & Randolph St,41.88462583333333,-87.644412,0.0,6.0,-6.0
327,TA1306000032,Sheffield Ave & Willow St,41.9138095,-87.6528395,4.0,12.0,-8.0
328,TA1307000001,Greenview Ave & Fullerton Ave,41.92533,-87.6658,0.0,5.0,-5.0
329,TA1307000062,Sedgwick St & Huron St,41.894666,-87.638437,46.0,23.0,23.0
330,TA1307000166,Halsted St & Willow St,41.913865,-87.648755,0.0,21.0,-21.0
331,chargingstx3,Green St & Randolph St*,41.883601657275165,-87.64862671494483,15.0,20.0,-5.0
332,13379,Clarendon Ave & Gordon Ter,41.95786652415174,-87.64950513839722,39.0,10.0,29.0
333,13058,Dayton St & North Ave,41.910643666666665,-87.64940066666666,-0.0,29.0,-29.0
334,13156,Aberdeen St & Monroe St,41.880377293,-87.655660272,9.0,3.0,6.0
335,13192,Halsted St & Dickens Ave,41.919936,-87.64883,18.0,11.0,7.0
336,13276,Stockton Dr & Wrightwood Ave,41.93132,-87.638742,8.0,-0.0,8.0
337,15530,Rush St & Superior St,41.895365,-87.626167,0.0,0.0,0.0
338,TA1309000011,Ellis Ave & 58th St,41.788746,-87.601334,0.0,10.0,-10.0
339,TA1309000036,Burling St & Diversey Pkwy,41.93314,-87.64776,18.0,25.0,-7.0
340,TA1308000009,Shore Dr & 55th St,41.795172811,-87.580889583,0.0,0.0,0.0
341,KP1705001026,LaSalle Dr & Huron St,41.894877,-87.632326,13.0,0.0,13.0
342,TA1308000029,Stetson Ave & South Water St,41.8865695,-87.62193866666667,37.0,53.0,-16.0
343,13034,Michigan Ave & Pearson St,41.89751016666666,-87.62357616666667,9.0,32.0,-23.0
344,13154,Sheffield Ave & Kingsbury St,41.910522,-87.653106,29.0,18.0,11.0
345,13323,Broadway & Sheridan Rd,41.952833,-87.649993,34.0,34.0,0.0
346,KA1503000041,McClurg Ct & Erie St,41.894503,-87.617854,27.0,29.0,-2.0
347,TA1305000017,Halsted St & Roosevelt Rd,41.867324,-87.648625,27.0,12.0,15.0
348,TA1305000030,Clark St & Randolph St,41.884386897,-87.631913304,3.0,5.0,-2.0
349,TA1307000113,Southport Ave & Wrightwood Ave,41.928773,-87.663913,8.0,12.0,-4.0
350,TA1307000131,Wabash Ave & Wacker Pl,41.886875,-87.62603,0.0,0.0,0.0
351,TA1308000022,Pine Grove Ave & Irving Park Rd,41.954392166666665,-87.64810583333333,34.0,6.0,28.0
352,TA1309000064,Wolcott Ave & Polk St,41.871262,-87.673688,32.0,5.0,27.0
353,KA1504000133,Rush St & Cedar St,41.90249266666667,-87.6278515,7.0,2.0,5.0
354,KA1504000146,Clark St & Berwyn Ave,41.97803062248656,-87.66856491565704,2.0,73.0,-71.0
355,13033,Milwaukee Ave & Grand Ave,41.89147783333333,-87.64849433333333,21.0,27.0,-6.0
356,13056,Canal St & Monroe St,41.88169,-87.63953,8.0,14.0,-6.0
357,13136,Damen Ave & Division St,41.903266,-87.678435,17.0,7.0,10.0
358,13338,Mies van der Rohe Way & Chicago Ave,41.89731133333333,-87.62171483333333,18.0,36.0,-18.0
359,SL-011,Wells St & Polk St,41.87273154226308,-87.63351649045944,37.0,11.0,26.0
360,TA1305000020,Ogden Ave & Chicago Ave,41.896362458,-87.6540612729,32.0,15.0,17.0
361,TA1307000107,Sheridan Rd & Montrose Ave,41.9616705,-87.6546455,35.0,23.0,12.0
362,TA1307000139,MLK Jr Dr & 29th St,41.84202483333333,-87.61695583333334,62.0,64.0,-2.0
363,TA1309000023,Sheffield Ave & Wrightwood Ave,41.92873883333333,-87.653843,25.0,11.0,14.0
364,TA1309000037,Kimbark Ave & 53rd St,41.799568,-87.594747,31.0,32.0,-1.0
365,13133,Damen Ave & Cortland St,41.915983,-87.677335,12.0,0.0,12.0
366,13157,Aberdeen St & Jackson Blvd,41.87772613,-87.65478743,25.0,31.0,-6.0
367,13265,Kingsbury St & Erie St,41.89380805624359,-87.64169722795485,16.0,24.0,-8.0
368,15539,Desplaines St & Jackson Blvd,41.878119,-87.643948,12.0,12.0,0.0
369,TA1305000003,Fairbanks Ct & Grand Ave,41.89184737210993,-87.62058019638062,22.0,11.0,11.0
370,TA1309000001,Halsted St & Maxwell St,41.864883,-87.647071,14.0,44.0,-30.0
371,LP-,Lincoln Park Conservatory,41.92393131136619,-87.63582453131676,-0.0,-0.0,0.0
372,RN-,Franklin St & Illinois St,41.89102331025185,-87.63547986745834,19.0,37.0,-18.0
373,TA1309000004,LaSalle St & Jackson Blvd,41.878166,-87.631929,14.0,4.0,10.0
374,13050,State St & Kinzie St,41.889081001,-87.627020717,28.0,7.0,21.0
375,13229,Southport Ave & Belmont Ave,41.93944333333334,-87.663795,17.0,3.0,14.0
376,15576,Lakefront Trail & Bryn Mawr Ave,41.98404411519213,-87.65228122472763,6.0,0.0,6.0
377,KA1503000012,Clark St & Lake St,41.88602082773,-87.6308760584,0.0,1.0,-1.0
378,TA1305000034,Honore St & Division St,41.903085828,-87.673922777,13.0,12.0,1.0
379,TA1307000136,Clark St & Wellington Ave,41.936530833333336,-87.64748416666667,22.0,1.0,21.0
380,TA1309000010,Wabash Ave & 9th St,41.870802402,-87.625826716,14.0,23.0,-9.0
381,chargingstx1,Bissell St & Armitage Ave*,41.9184775,-87.652211,33.0,57.0,-24.0
382,13160,May St & Taylor St,41.8694821,-87.6554864,25.0,35.0,-10.0
383,TA1305000006,Dearborn St & Monroe St,41.881319815,-87.6295209193,37.0,18.0,19.0
384,TA1305000022,Orleans St & Merchandise Mart Plaza,41.888203833333336,-87.6371395,22.0,30.0,-8.0
385,TA1306000003,Desplaines St & Kinzie St,41.888716036,-87.6444478533,47.0,51.0,-4.0
386,TA1306000026,Racine Ave & Fullerton Ave,41.92556258,-87.65840426,24.0,20.0,4.0
387,TA1307000006,Southport Ave & Wellington Ave,41.935733,-87.663576,10.0,13.0,-3.0
388,TA1308000019,Racine Ave & Belmont Ave,41.939743,-87.658865,13.0,0.0,13.0
389,TA1309000024,Clark St & Schiller St,41.908083,-87.6315775,39.0,0.0,39.0
390,TA1309000035,Clark St & Winnemac Ave,41.973341833333336,-87.66784033333333,16.0,29.0,-13.0
391,623,Michigan Ave & 8th St,41.872773,-87.623981,0.0,30.0,-30.0
392,SL-008,Federal St & Polk St,41.87207763285,-87.6295437729,23.0,5.0,18.0
393,TA1305000029,State St & Randolph St,41.88472266666667,-87.62797533333334,12.0,60.0,-48.0
394,TA1307000038,Sedgwick St & North Ave,41.911386,-87.638677,36.0,63.0,-27.0
395,13021,Clinton St & Lake St,41.88563166666667,-87.64187583333333,1.0,19.0,-18.0
396,TA1306000029,McClurg Ct & Ohio St,41.892824,-87.61719116666667,19.0,20.0,-1.0
397,TA1309000061,Halsted St & Wrightwood Ave,41.929143,-87.649077,21.0,34.0,-13.0
398,TA1309000066,Ravenswood Ave & Lawrence Ave,41.96909,-87.674237,12.0,12.0,0.0
399,13017,Franklin St & Chicago Ave,41.896901965,-87.635663271,20.0,48.0,-28.0
400,13158,Peoria St & Jackson Blvd,41.87756866666667,-87.64943466666666,25.0,33.0,-8.0
401,13263,Columbus Dr & Randolph St,41.8845085,-87.6194555,27.0,37.0,-10.0
402,13277,Broadway & Belmont Ave,41.940106,-87.645451,3.0,6.0,-3.0
403,15545,Burnham Harbor,41.85741178707404,-87.61379152536392,0.0,14.0,-14.0
404,TA1305000041,Damen Ave & Pierce Ave,41.9093960065,-87.6776919292,29.0,30.0,-1.0
405,TA1306000009,Larrabee St & Kingsbury St,41.897764,-87.642884,19.0,49.0,-30.0
406,TA1306000014,Wilton Ave & Diversey Pkwy,41.932418,-87.652705,1.0,7.0,-6.0
407,13071,Southport Ave & Roscoe St,41.943739,-87.66402,4.0,9.0,-5.0
408,TA1306000013,New St & Illinois St,41.89067,-87.61814483333333,33.0,57.0,-24.0
409,TA1306000015,Sangamon St & Lake St,41.88589983333333,-87.6510945,9.0,10.0,-1.0
410,TA1307000064,Lincoln Ave & Diversey Pkwy,41.932225,-87.658617,17.0,23.0,-6.0
411,TA1307000150,Pine Grove Ave & Waveland Ave,41.949288487,-87.646266818,0.0,33.0,-33.0
412,13028,900 W Harrison St,41.874754,-87.649807,57.0,23.0,34.0
413,13061,Ashland Ave & Division St,41.90345,-87.667747,29.0,60.0,-31.0
414,13431,Adler Planetarium,41.86613333333333,-87.607331,0.0,0.0,0.0
415,13193,Larrabee St & Webster Ave,41.921822,-87.64414,15.0,22.0,-7.0
416,13341,Canal St & Madison St,41.882104397,-87.63943243,13.0,29.0,-16.0
417,13430,LaSalle St & Illinois St,41.890771389,-87.631558895,26.0,15.0,11.0
418,TA1307000052,Sheffield Ave & Wellington Ave,41.93632566666667,-87.6525755,29.0,44.0,-15.0
419,TA1307000120,Green St & Madison St,41.881892,-87.648789,50.0,35.0,15.0
420,TA1307000128,Dearborn Pkwy & Delaware Pl,41.898969,-87.629912,-0.0,92.0,-92.0
421,13016,St. Clair St & Erie St,41.89460183333333,-87.62264083333334,17.0,9.0,8.0
422,13235,Southport Ave & Waveland Ave,41.94815,-87.66394,38.0,53.0,-15.0
423,13278,Broadway & Cornelia Ave,41.945529,-87.646439,42.0,33.0,9.0
424,331,Halsted St & Clybourn Ave,41.90965583333333,-87.64812716666667,11.0,28.0,-17.0
425,TA1307000117,Wabash Ave & Grand Ave,41.891466,-87.626761,40.0,14.0,26.0
426,TA1307000151,Wells St & Hubbard St,41.890156031,-87.63438952,38.0,86.0,-48.0
427,TA1309000025,Halsted St & Roscoe St,41.94367,-87.64895,45.0,40.0,5.0
428,TA1309000058,Lincoln Ave & Fullerton Ave,41.924161029067626,-87.64638036489487,13.0,44.0,-31.0
429,TA1305000025,Franklin St & Jackson Blvd,41.8777079559,-87.6353211408,109.0,5.0,104.0
430,TA1306000012,Wells St & Huron St,41.894722,-87.634362,29.0,47.0,-18.0
431,13001,Michigan Ave & Washington St,41.8837205,-87.6244965,22.0,31.0,-9.0
432,13063,Sheridan Rd & Irving Park Rd,41.954245,-87.654406,38.0,83.0,-45.0
433,15541,Buckingham Fountain,41.876423,-87.620339,27.0,19.0,8.0
434,KA1503000064,Dusable Harbor,41.886976,-87.612813,0.0,9.0,-9.0
435,TA1306000016,Sheffield Ave & Fullerton Ave,41.9256018819,-87.6537080423,6.0,18.0,-12.0
436,TA1307000041,DuSable Lake Shore Dr & Wellington Ave,41.9366884494997,-87.63682901859283,0.0,0.0,0.0
437,TA1309000049,DuSable Lake Shore Dr & Belmont Ave,41.940775,-87.639192,0.0,1.0,-1.0
438,TA1308000049,Wells St & Evergreen Ave,41.906724,-87.63483,0.0,4.0,-4.0
439,TA1309000007,Franklin St & Monroe St,41.894209981,-87.620849133,17.0,13.0,4.0
440,21544,State St & Chicago Ave,41.89640816666667,-87.62875933333333,36.0,43.0,-7.0
441,TA1305000011,Michigan Ave & Lake St,41.885905,-87.62503416666667,32.0,33.0,-1.0
442,TA1309000033,Sheffield Ave & Webster Ave,41.921668333333336,-87.653845,45.0,45.0,0.0
443,632,Clark St & Newport St,41.9445165,-87.65469966666667,13.0,31.0,-18.0
444,13045,Dearborn St & Erie St,41.893863333333336,-87.62925816666667,48.0,63.0,-15.0
445,13325,Broadway & Waveland Ave,41.94903866666667,-87.64863616666666,66.0,57.0,9.0
446,638,Clinton St & Jackson Blvd,41.87831661183069,-87.64098107814789,32.0,26.0,6.0
447,TA1309000039,DuSable Lake Shore Dr & Diversey Pkwy,41.932588,-87.636427,0.0,0.0,0.0
448,13029,Field Museum,41.865312,-87.617867,58.0,21.0,37.0
449,KA1504000135,Wells St & Elm St,41.903222,-87.634324,37.0,53.0,-16.0
450,TA1305000014,Clark St & Wrightwood Ave,41.92966283333333,-87.64314483333334,57.0,18.0,39.0
451,TA1307000142,Clark St & Drummond Pl,41.931248,-87.644336,17.0,21.0,-4.0
452,TA1307000121,Halsted St & Polk St,41.87174916666667,-87.6466625,23.0,20.0,3.0
453,TA1307000130,Morgan St & Polk St,41.87202692,-87.65104866,51.0,19.0,32.0
454,TA1305000002,Wabash Ave & Roosevelt Rd,41.86723683333334,-87.62601,38.0,54.0,-16.0
455,SL-005,Indiana Ave & Roosevelt Rd,41.867948166666665,-87.62301416666666,6.0,37.0,-31.0
456,KA1504000076,Ellis Ave & 55th St,41.794367075,-87.601529002,62.0,23.0,39.0
457,TA1307000134,Wilton Ave & Belmont Ave,41.940231918108594,-87.65294373035431,45.0,42.0,3.0
458,13011,Canal St & Adams St,41.879298,-87.63993566666667,30.0,18.0,12.0
459,13216,State St & 33rd St,41.834734,-87.625813,93.0,38.0,55.0
460,KA1503000071,University Ave & 57th St,41.791478,-87.599861,35.0,40.0,-5.0
461,13137,Broadway & Barry Ave,41.93758231600629,-87.6440978050232,48.0,54.0,-6.0
462,KA1503000043,Kingsbury St & Kinzie St,41.88920483333333,-87.63858833333333,40.0,46.0,-6.0
463,TA1309000019,Lakeview Ave & Fullerton Pkwy,41.9258345,-87.63881383333333,29.0,22.0,7.0
464,13332,Loomis St & Lexington St,41.872200166666666,-87.66154183333333,79.0,92.0,-13.0
465,TA1305000032,Clinton St & Madison St,41.88166866666667,-87.64154983333333,22.0,31.0,-9.0
466,TA1307000126,Sheffield Ave & Waveland Ave,41.94923,-87.654422,31.0,38.0,-7.0
467,TA1308000012,Montrose Harbor,41.963982,-87.638181,0.0,9.0,-9.0
468,15544,Shedd Aquarium,41.867226,-87.615355,0.0,31.0,-31.0
469,TA1307000039,Clark St & Elm St,41.902973,-87.63128,131.0,93.0,38.0
470,WL-012,Clinton St & Washington Blvd,41.8833025,-87.64137983333333,0.0,7.0,-7.0
471,13146,Clark St & Armitage Ave,41.918306,-87.636282,0.0,0.0,0.0
472,13179,Clark St & Lincoln Ave,41.915711,-87.63464066666667,6.0,0.0,6.0
473,TA1308000050,Wells St & Concord Ln,41.9118795,-87.6348995,3.0,12.0,-9.0
474,KA1503000014,Ellis Ave & 60th St,41.78509714636,-87.6010727606,48.0,25.0,23.0
475,13042,Michigan Ave & Oak St,41.90096039,-87.62377664,0.0,0.0,0.0
476,TA1308000001,Theater on the Lake,41.926277,-87.630834,0.0,0.0,0.0
477,LF-005,DuSable Lake Shore Dr & North Blvd,41.911722,-87.626804,0.0,0.0,0.0
478,13008,Millennium Park,41.88130566666667,-87.62412,17.0,23.0,-6.0
479,13300,DuSable Lake Shore Dr & Monroe St,41.880958,-87.616743,9.0,1.0,8.0
480,13022,Streeter Dr & Grand Ave,41.892278,-87.612043,0.0,0.0,0.0
